K,K_err,D,D_err,C_nM,C_err
318358114.58593607,67948308.69821186,42.0,0.88,19.22115799699889,0.2225058835293458
