K,K_err,D,D_err,C_nM,C_err
4265309048.442144,1287559899.814905,142.0,2.7,10.673468596241298,0.09933284800346648
