K,K_err,D,D_err,C_nM,C_err
3142714799.607517,1106005017.1510806,117.0,1.3,11.288543513189284,0.1371721216106136
