K,K_err,D,D_err,C_nM,C_err
3928636578.862016,1349430256.4351044,48.0,0.56,10.283542246119136,0.12176091996572765
