K,K_err,D,D_err,C_nM,C_err
7006085603.438596,3112792546.659558,50.0,0.98,9.866965722743858,0.11626988515200908
