K,K_err,D,D_err,C_nM,C_err
2773725793.5972433,785417171.2431695,134.0,3.5,11.76024141083501,0.11017586066126984
