K,K_err,D,D_err,C_nM,C_err
1239780207.8148546,402474692.67099804,80.0,0.61,14.559733708831969,0.18913805393349112
