K,K_err,D,D_err,C_nM,C_err
4467372458.748447,1565073469.8464596,84.0,1.1,13.32155280655054,0.07215074320884736
