K,K_err,D,D_err,C_nM,C_err
736772172.4778789,264501807.49636838,113.0,1.9,15.490113408243479,0.19407087354688113
