K,K_err,D,D_err,C_nM,C_err
3332165938.100806,1167278728.6568801,128.0,2.4,13.312243228579195,0.10960456799896588
