K,K_err,D,D_err,C_nM,C_err
3824900763.5133862,1534523924.8452375,145.0,2.4,11.908677650326842,0.12872546380984956
