K,K_err,D,D_err,C_nM,C_err
4185947306.108941,1588218256.5359752,64.0,1.7,11.634360778477559,0.11913469410757382
