K,K_err,D,D_err,C_nM,C_err
4227911597.6699715,1380548952.0650089,85.0,1.6,12.17922635003951,0.1019429140939221
