K,K_err,D,D_err,C_nM,C_err
1648184950.5606532,516969830.5656545,86.0,1.6,13.754995776954456,0.1573456446844385
